id;name;type;English text;German text;French text;Italian text;Spanish text
19803;1sap_fi08aj;3;FI - vendor open items for all fiscal years (accounts payable);FI - Offene Posten Kreditoren (alle Geschäftsjahre);FI- Postes ouverts Vendeurs pour toutes les années fiscales (comptes fournisseurs);Voci sospese dei fornitori per tutti gli anni fiscali (fattura passive);FI - partidas abiertas de proveedores para todos los ejercicios (cuentas por pagar)
19792;1sap_fi09aj;3;FI - customer open items for all fiscal years (accounts receivable);FI - Offene Posten Debitoren (alle Geschäftsjahre);Fi- Postes ouverts Clients pour toutes les années fiscales (comptes débiteurs);Voci sospese dei clienti per tutti gli anni fiscali (fatture attive);FI - partidas abiertas de clientes para todos los ejercicios (cuentas por cobrar)
19419;2sap_FI_beleganzeige;2;Document List (Header and Position);Beleganzeige (Belegkopf und Belegposition);Liste des Pièces (en-tête et position);Elenco documenti (Intestazione e Posizione);Lista de documentos (cabecera y posición)
19420;2sap_FI_dauerbuchungsurbelege;2;Reccuring documents;Dauerbuchungsurbelege;Pièces périodiques;Documenti ricorrenti;Documentos periódicos
19421;2sap_MB_materialbeleg;2;Material Document List (Header, Position, +FI document number);Materialbeleg anzeige (Belegkopf, Belegposition, +FI Beleg nummer);Liste des pièces matérielles (en-pièce, position, + numéro FI de la pièce);Elenco documenti del materiale (intestazione, posizione, +F1 numero del documento);Lista de documentos de material (cabecera, posición + número de documento FI)
19546;2sap_ps_psp_elemente;2;PSP-Elemente;PSP-Elemente;Eléments OTP;Elementi PSP;Elementos PEP (plan de estructura de proyecto)
19550;am_aenderungsbelege_anlagenstammsatz;2;Change Documents Asset master data;Änderungsbelege Anlagenstammsatz;Modifier les données de base des pièces des immobilisations;Documenti di modifica dati originali dei beni;Modificación de los datos maestros de activos en documento 
19757;am_anlagenabgaenge;2;Asset Retirements;Anlagenabgänge;Mise hors service des immobilisations;Ritiro dei beni;Bajas de activos
19758;am_anlagenabgaenge_filter;3;Asset Retirements;Anlagenabgänge;Mise hors service des immobilisations;Ritiro dei beni;Bajas de activos
19717;am_anlagenbestand;2;Fixed Assets;Anlagenbestand;Immobilisations incorporelles;Beni fissi;Activos fijos
19718;am_anlagenbestand_filter;3;Fixed Assets;Anlagenbestand;Immobilisations incorporelles;Beni fissi;Activos fijos
19723;am_anlagengitter;2;asset history sheet;Anlagengitter;grille d'évolution des immobilisations ;Foglio di lavoro storia degli investimenti;cuadro con histórico de activos
19724;am_anlagengitter_filter;3;asset history sheet;Anlagengitter;grille d'évolution des immobilisations ;Foglio di lavoro storia degli investimenti;cuadro con histórico de activos
19330;am_anlagenstammsaetze;2;Asset Master Data;Anlagenstammsätze;Données de base des immobilisations;dati originali del bene;Datos maestros de activos
19681;am_anlagenstammsaetze_filter;3;Asset Master Data;Anlagenstammsätze;Données de base des immobilisations;dati originali del bene;Datos maestros de activos
19633;am_anlagenstamm_bewertungsbereiche;2;Asset Master Data with Real description area;Anlagenstammsatze, Bewertungsbereiche zum Anlagenstammsatz;Donnes de base des immobilisations avec les rapports d'évaluation;dati originali dei beni con area di descrizione reale;Datos maestros de activos con área de descripción real
19779;am_anlagenumbuchungen;2;Asset Transfer;Anlagenumbuchungen;transferts d'immobilisation;trasferimento dei beni;Transferencia de activos
19780;am_anlagenumbuchungen_filter;3;Asset Transfer;Anlagenumbuchungen;transferts d'immobilisation;trasferimento dei beni;Transferencia de activos
19777;am_anlagenzugaenge;2;Asset Acquisitions;Anlagenzugänge;acquisitions d'immobilisation;Acquisizione dei beni;Altas de activos
19778;am_anlagenzugaenge_filter;3;Asset Acquisitions;Anlagenzugänge;acquisitions d'immobilisation;Acquisizione dei beni;Altas de activos
19745;ap_bankdatenuebersicht_kreditor;2;Bank Data for Vendor;Bankdatenübersicht zu Kreditor;Données bancaires pour les Vendeurs;Dati bancari fornitore;Datos bancarios para proveedores
19746;ap_bankdatenuebersicht_kreditor_filter;3;Bank Data for Vendor;Bankdatenübersicht zu Kreditor;Données bancaires pour les Vendeurs;Dati bancari fornitore;Datos bancarios para proveedores
19747;ap_kreditorensalden;2;Vendor Balances in local currency (accounts payable);Saldenliste Kreditoren (in Hauswährung);Soldes Vendeurs en devise locale (comptes fournisseurs);bilanci fornitori nella valuta locale (fatture passive);Saldos de proveedores en moneda local (cuentas por pagar)
19748;ap_kreditorensalden_filter;3;Vendor Balances in local currency (accounts payable);Saldenliste Kreditoren (in Hauswährung);Soldes Vendeurs en devise locale (comptes fournisseurs);bilanci fornitori nella valuta locale (fatture passive);Saldos de proveedores en moneda local (cuentas por pagar)
19753;ap_kreditorentransaktionen;2;Vendor transactions (accounts payable);Kreditorentransaktionen;Transactions Vendeurs (comptes fournisseurs);transazioni fornitore (fatture passive);Operaciones de proveedores (cuentas por pagar)
19754;ap_kreditorentransaktionen_filter;3;Vendor transactions (accounts payable);Kreditorentransaktionen;Transactions Vendeurs (comptes fournisseurs);transazioni fornitore (fatture passive);Operaciones de proveedores (cuentas por pagar)
19721;ap_lieferantenstamm;2;vendor master data (accounts payable);Kreditorenstamm;Données de base Vendeurs (comptes fournisseurs);dati originali fornitore (fatture passive);datos maestros de proveedores (cuentas por pagar)
19722;ap_lieferantenstamm_filter;3;vendor master data (accounts payable);Kreditorenstamm;Données de base Vendeurs (comptes fournisseurs);dati originali fornitore (fatture passive);datos maestros de proveedores (cuentas por pagar)
19749;ar_bankdatenuebersicht_debitor;2;Bank Data for Customer;Bankdatenübersicht zu Debitor;Données bancaires pour les Clients;dati bancari cliente;Datos bancarios del cliente
19750;ar_bankdatenuebersicht_debitor_filter;3;Bank Data for Customer;Bankdatenübersicht zu Debitor;Données bancaires pour les Clients;dati bancari cliente;Datos bancarios del cliente
19352;ar_debitorenmahndaten;2;Customer dunning data;Debitorenmahndaten;Données relance des Clients;dati di sollecito del cliente;Datos de reclamaciones de clientes
19751;ar_debitorensalden;2;Customer balances in local currency (accounts receivable);Saldenliste Debitoren (in Hauswährung);Soldes Clients en devise locale (comptes clients);saldi debitore nella valuta locale (fatture attive);Saldos de clientes en moneda local (cuentas por cobrar)
19752;ar_debitorensalden_filter;3;Customer balances in local currency (accounts receivable);Saldenliste Debitoren (in Hauswährung);Soldes Clients en devise locale (comptes clients);saldi debitore nella valuta locale (fatture attive);Saldos de clientes en moneda local (cuentas por cobrar)
19729;ar_debitorentransaktionen;2;Customer Transactions (accounts receivable);Debitorentransaktionen;Transactions Clients (comptes clients);transazioni cliente (fatture attive);Operaciones de clientes (cuentas por cobrar)
19730;ar_debitorentransaktionen_filter;3;Customer Transactions (accounts receivable);Debitorentransaktionen;Transactions Clients (comptes clients);transazioni cliente (fatture attive);Operaciones de clientes (cuentas por cobrar)
19719;ar_kundenstamm;2;Customer master data (accounts receivable);Kundenstamm;Données de base Clients (comptes clients);dati originali cliente (fatture attive);Datos maestros de clientes (cuentas por cobrar)
19720;ar_kundenstamm_filter;3;Customer master data (accounts receivable);Kundenstamm;Données de base Clients (comptes clients);dati originali cliente (fatture attive);Datos maestros de clientes (cuentas por cobrar)
19776;blg_bilanz_guv;3;Balance sheet and P/L statement;Bilanz und GuV;Bilan et le compte de profits et pertes;Stato patrimoniale e conto economico;Balance de situación y cuenta de pérdidas y ganancias
19696;bu_psp_einzelposten;2;CJI3 PSP actual cost line item;CJI3 PSP einzelposten;CJI3 PSP postes individuels des coûts réels;fattore linea costo attivo CJI3 PSP;CJI3 Partida individual de costes reales del proyecto PSP
19556;bu_psp_elemente;2;WBS Elements;PSP-Elemente;Eléments OTP;Elementi WBS;Elementos PEP
19809;co_auftraege_ist_plan_abweichnung_gruppen;2;Order: Actual/Plan/Deviation on Group Level;Auftrag: Ist/Plan/Abweichung auf Gruppenebene;Mission: Réel/Prévu/Déviation au niveau du Groupe;Ordine: effettivo / programma / deviazione livello del gruppo;Orden: Real/Plan/Desviación a nivel de grupo
19810;co_auftraege_ist_plan_abweichnung_io;2;Order: Actual/Plan/Deviation on IO-Level; Auftrag: Ist/Plan/Abweichung auf IO-Ebene;Mission: Réel/Prévu/Déviation au niveau entrées/sorties;ordine: effettivo / programma / deviazione sul livello IO;Orden: Real/Plan/Desviación a nivel de orden interna (IO)
19349;co_kostenartengruppenhierarchie;2;Cost Element Hierarchy;Kostenartenhierarchie;Hiérarchie des éléments de coûts;Classifica costo;Jerarquía de clases de costes
19741;co_kostenartenliste;2;Cost Element List;Kostenarten liste;Liste des éléments de coûts;Elenco costo;Lista de clases de costes
19742;co_kostenartenliste_filter;3;Cost Element List;Kostenarten liste;Liste des éléments de coûts;Elenco costo;Lista de clases de costes
19688;co_kostenrechnungseinzelposten;2;KSB1 Cost Accounting Detail Line;KSB1 Kostenrechnungseinzelposten;KSB1 postes détaillés de comptabilisation des coûts;dettaglio della contabilità in uscita KSB1;KSB1 Línea detallada de contabilidad de costes
19768;co_kostenstellenliste;2;Cost Center List;Kostenstellenliste;Liste des Centres de Coûts ;Elenco del centro di costo;Lista de centros de coste
19797;co_leistungsverrechnung;2;Activity Type Verrechnung;ZCOUSU03 Leistungsverrechnungen;Imputations des coûts de production;conteggio tipo di attività ;Asignación del tipo de actividad 
19774;co_profitcenterliste;2;Profit Center List;Profit center liste;Liste du centre de profit;elenco centro del profitto;Lista de centros de beneficio
19775;co_profitcenterliste_filter;3;Profit Center List;Profit center liste;Liste du centre de profit;elenco centro del profitto;Lista de centros de beneficio
19807;co_statistische_kennzahlen;2;KB33N Display Statistical Key Figures ;KB33N Statistische Kennzahlen anzeigen;KB33N Afficher les chiffres statistiques clés; KB33N visualizzazione elementi chiave statistici;KB33N Visualizar valores estadísticos
19549;ek_bestellaenderungen;2;Order Changes;Bestelländerungen;Modifications de la commande;modifiche dell'ordine;Modificaciones de pedidos
19755;ek_bestellanforderungen;2;Purchase Requisition;Bestellanforderungen;demande d'achat;richiesta scritta di acquisto;Solicitud de pedidos
19756;ek_bestellanforderungen_filter;3;Purchase Requisition;Bestellanforderungen;demande d'achat;richiesta scritta di acquisto;Solicitud de pedidos
19554;ek_bestellanf_aenderungen;2;Purchase Requisition Changes;Änderungen Bestellanforderungen;Modifications de la demande d'achat;modifiche richiesta scritta di acquisto;Modificaciones de solicitudes de pedidos
19794;ek_einkaufsbelege_bestellentwicklung;2;Purchase Document - Bestellentwicklung; Einkaufsbelege zum Lieferant - Bestellentwicklung;Document d'achat - historique de la commande;documenti acquisto;Documento de compra - Histórico de pedidos
19795;ek_einkaufsbeleg_langtext;2;Purchasing Document Long Text; Einkaufsbeleg Langtexte;Document d'achat Texte Long;documento di acquisto testo lungo;Texto explicativo del documento de compra
19796;ek_einkaufsbeleg_langtext_bestellung;2;Purchasing Document Long Text Order (Header); Einkaufsbeleg Langtexte Bestellung (Kopf);Document d'achat Texte Long (En-tête);documento di acquisto testo lungo (intestazione);Solicitud de texto explicativo de documento de compra (cabecera)
19793;ek_kopf_und_position;2;Purchase Document, header and position;Einkaufsbeleg Kopf und Position;Document d'achat, en-tête et position;documento di acquisto, intestazione e posizione;Documento de compra, cabecera y posición
19451;fi_beleganzeige;2;Document display (Header and Position);Beleganzeige (Belegkopf und Belegposition);Affichage du document (en-tête et position);rappresentazione del documento (intestazione e posizione);Visualización de documento (cabecera y posición)
19733;fi_belegarten;2;Document types;Belegarten;Types de document;tipologie di documento;Tipos de documentos
19734;fi_belegarten_filter;3;Document types;Belegarten;Types de document;tipologie di documento;Tipos de documentos
19348;fi_bilanz_guv;3;Balance sheet and P/L statement;Bilanz und GuV;Bilan et compte d'exploitation;conto profitti e perdite e estratto conto;Balance y cuenta de pérdidas y ganancias
19735;fi_buchungsbelege;2;Posting Documents;Buchungsbelege;pièces comptables;documenti di assegnazione;Documentos de contabilización
19736;fi_buchungsbelege_filter;3;Posting Documents;Buchungsbelege;pièces comptables;documenti di assegnazione;Documentos de contabilización
19731;fi_kontenplan;2;chart of accounts;Kontenplan;plan comptable;tabella dei conti ;plan de cuentas
19732;fi_kontenplan_filter;3;chart of accounts;Kontenplan;plan comptable;tabella dei conti ;plan de cuentas
19727;fi_sachkonteneinzelposten;2;Account transactions;Sachkonteneinzelposten;postes individuels du compte général;transazioni conto;Operaciones de cuentas
19728;fi_sachkonteneinzelposten_filter;3;Account transactions;Sachkonteneinzelposten;postes individuels du compte général;transazioni conto;Operaciones de cuentas
19331;fi_sachkontensalden_monatlich;2;General ledger account balances (monthly);Sachkonten-Saldenliste monatlich;soldes des comptes du grand livre (mensuel);bilanci conto libro mastro (mensile);Saldos de cuentas del libro mayor (mensuales)
19656;fi_sachkontensalden_monatlich_filter;3;General ledger account balances (monthly);Sachkonten-Saldenliste monatlich;soldes des comptes du grand livre (mensuel);bilanci conto libro mastro (mensile);Saldos de cuentas del libro mayor (mensuales)
19737;fi_steuerkennzeichen;2;GL Tax Codes;Steuerkennzeichen;Codes TVA;codici fiscali;Códigos fiscales del mayor
19738;fi_steuerkennzeichen_filter;3;GL Tax Codes;Steuerkennzeichen;Codes TVA;codici fiscali;Códigos fiscales del mayor
19739;fi_ust_voranmeldung;2;GL VAT Periodical Report;Umsatzsteuer-Voranmeldung;Déclaration périodique de la TVA;rapporto periodico partita iva gl;Informe periódico de IVA del mayor
19740;fi_ust_voranmeldung_filter;3;GL VAT Periodical Report;Umsatzsteuer-Voranmeldung;Déclaration périodique de la TVA;rapporto periodico partita iva gl;Informe periódico de IVA del mayor
19806;hr_reisekostenabrechnung;2;PR05 Travel Expense Manager ;PR05 Reisekostenabrechnung;PR05 Gestionnaire des frais de déplacement;PR05 gestione spese viaggio;PR05 Gestor de gastos de desplazamiento
19711;mm_materialbeleg;2;MB Display Material Document (Header, Position, +FI Document Number);MB Materialbeleg anzeige (Belegkopf, Belegposition, +FI Beleg nummer);MB Liste des documents articles (en-tête, position, + numéro de pièce FI);visualizzazione documento materiale (intestazione, posizione, +F1 numero documento);MB Visualizar documento de material (cabecera, posición + número de documento FI)
19712;mm_materialbeleg_filter;3;MB Display Material Document (Header, Position, +FI Document Number);MB Materialbeleg anzeige (Belegkopf, Belegposition, +FI Beleg nummer);Estimation de Coût sans Structure Quantité KKPCN;visualizzazione documento materiale (intestazione, posizione, +F1 numero documento);MB Visualizar documento de material (cabecera, posición + número de documento FI)
19811;mm_materialkalkulation;2;KKPCN Cost Estimation without Quantity Structure;KKPCN Materialkalkulation ohne Mengengerüst;Estimation de Coût sans Structure Quantité KKPCN;KKPCN stima dei costi esclusa elemento qualità;KKPCN Cálculo del coste sin estructura cuantitativa
19698;mm_materialpreisentwicklung;2;Material Price Change ;Materialpreisentwicklung;Modification du prix de l'article;modifica costo materiale;Modificación de precio de material
19629;mm_materialstamm_aenderungen;2;Material Master Data Changes;Materialstamm-Änderungen;Modification des données de base;modifiche dati originali materiale;Modificaciones de los datos maestros de material
19715;mm_materialstamm_liste;2;Material Master List;Materialstamm-Liste;Liste des données de base;elenco originale materiali;Lista del maestro de materiales
19716;mm_materialstamm_liste_filter;3;Material Master List;Materialstamm-Liste;Liste des données de base;elenco originale materiali;Lista del maestro de materiales
19707;sd_auftraege_liste;2;List of SD Orders;Liste SD Auftraege;Liste des ordres ADV;elenco ordini SD;Lista de pedidos SD
19708;sd_auftraege_liste_filter;3;List of SD Orders;Liste SD Auftraege;Liste des ordres ADV;elenco ordini SD;Lista de pedidos SD
19704;sd_auftraege_positionen;2;SD Order Status;Positionen SD Auftraege;Statut des ordres ADV;stato ordine SD;Estado de pedidos SD
19709;sd_fakturen_liste;2;List Of Invoices;Liste Fakturen;Liste des factures;elenco fatture;Lista de facturas
19710;sd_fakturen_liste_filter;3;List Of Invoices;Liste Fakturen;Liste des factures;elenco fatture;Lista de facturas
19787;sd_fakturen_positionen;2;Billing Lists;Positionen Fakturen;Liste de facturation;elenchi fatturazione;Listas de facturación
19788;sd_fakturen_positionen_filter;3;Billing Lists;Positionen Fakturen;Liste de facturation;elenchi fatturazione;Listas de facturación
19743;ue_bankstammdaten;2;Bank master data;Bankstammdaten;Données de base bancaires;dati bancari originali;Datos maestros del banco
19744;ue_bankstammdaten_filter;3;Bank master data;Bankstammdaten;Données de base bancaires;dati bancari originali;Datos maestros del banco
19781;ue_beleganzeige;2;Document List (Header and Position);Beleganzeige (Belegkopf und Belegposition);Liste des pièces (en-tête et position);elenco documento (intestazione e posizione);Lista de documentos (cabecera y posición)
19782;ue_beleganzeige_filter;3;Document List (Header and Position);Beleganzeige (Belegkopf und Belegposition);Liste des pièces (en-tête et position);elenco documento (intestazione e posizione);Lista de documentos (cabecera y posición)
19695;ue_benutzerdaten;2;User data;Benutzerdaten;Données des utilisateurs;dati utente;Datos de usuario
19789;ue_dauerbuchungs_urbelege;2;Recurring Documents;Dauerbuchungs-Urbelege;Pièces périodiques;Documenti ricorrenti;Documentos periódicos
19790;ue_dauerbuchungs_urbelege_filter;3;Recurring Documents;Dauerbuchungs-Urbelege;Pièces périodiques;Documenti ricorrenti;Documentos periódicos
19542;ue_fi_beleganzeige;2;Document List (Header and Position);Beleganzeige (Belegkopf und Belegposition);Liste de pièces (en-tête et position);Elenco documenti (Intestazione e Posizione);Lista de documentos (cabecera y posición)
12508;0sap_amdep;2;AM - depreciation on fixed assets;AM - Anlagenabschreibungen;AM- amortissements sur actifs immobilisés;AM – ammortamento su beni fissi;AM - amortización de activos fijos
12509;0sap_ammst;2;AM - asset master data;AM - Anlagenstamm;AM- données de base des immobilisations;AM – anagrafica capitale;AM - datos maestros de los activos
12510;0sap_ampdp;2;AM - planned depreciation;AM - Geplante Abschreibungen;AM- amortissements budgétés;AM – ammortamento pianificato;AM - amortización planificada
12511;0sap_amtrn;2;AM - list of fixed assets transactions;AM - Anlagentransaktionen;AM- liste des transactions des immobilisations;AM – elenco transazioni beni fissi;AM - lista de operaciones de activos fijos
12512;0sap_anea;2;AM - asset line items for proportional values;AM - Anlageneinzelposten anteilige Werte;AM- quotes-parts des postes individuels d'immobilisation ;AM – linee d'ordine del capitale per valori proporzionali;AM - partidas individuales de activos para valores proporcionales
12513;0sap_anek;2;AM - document header asset posting;AM - Belegkopf;AM- enregistrement des en-têtes des immobilisations;AM – assegnazione intestazione documento capitale;AM - contabilización de activos en cabecera de documento
12514;0sap_anep;2;AM - document items asset posting;AM - Belegpositionen;AM- enregistrement des positions des pièces des immobilisations;AM – assegnazione linee ordine documento capitale;AM - contabilización de activos en posiciones de documento
12515;0sap_bkpf;2;FI - accounting document header;FI - Belegkopf;FI- en-tête des documents comptables ;FI – intestazione documento contabilità;FI - cabecera de documentos contables
12516;0sap_bseg;2;FI - accounting document items;FI - Belegpositionen;FI- postes des pièces comptables;FI – voci documento contabilità;FI - posiciones de documentos contables
12517;0sap_bset;2;FI - tax data document items;FI - Belegpositionen Steuerdaten;FI- postes des pièces des données fiscales;FI - voci documento dati imposte ;FI - posiciones de documentos con datos fiscales
12518;0sap_coa;2;FI - general ledger account master data (G/L chart of accounts);FI - Sachkontenliste;FI- les données de base du grand livre (plan comptable);FI – anagrafica contabilità libro mastro (G/L tabella dei conti);FI - datos maestros de cuentas del libro mayor (plan de cuentas del mayor)
43097;0sap_cobk;2;CO - object document header;CO - Belegkopf;CO- objet en-tête de pièce ;CO – intestazione oggetto del documento;CO - cabecera de documentos de objetos
12565;0sap_coep;2;CO - object document items;CO - Belegpositionen;CO- objet positions des pièces;CO – voci oggetto documento;CO - posiciones de documentos de objetos
12520;0sap_cust;2;FI - customer master data (accounts receivable);FI - Kundenstamm;FI- données de base du client (comptes clients);FI – anagrafica cliente (fatture attive);FI - datos maestros de clientes (cuentas por cobrar)
12521;0sap_ekko;2;SD - purchasing document header;SD - Einkauf Belegkopf;SD- en-tête de document d'achat;SD – intestazione documento acquisto;SD - cabecera de documentos de compras
43098;0sap_ekpo;2;SD - purchasing document items;SD - Einkauf Belegpositionen;SD- postes du document d'achat;SD – voci documento acquisto;SD - posiciones de documentos de compras
12523;0sap_mkpf;2;MM - material document header;MM - Material Belegkopf;MM- en-tête de document article;MM – intestazione documento materiale;MM - cabecera de documentos de material
12524;0sap_mseg;2;MM - material document items;MM - Material Belegpositionen;MM- postes de document article;MM – voci documento materiale;MM - posiciones de documentos de material
43099;0sap_sutax;2;FI - tax point of view;FI - Steuerliche Sicht;FI- point du vue fiscal;FI – visualizzazione imposte;FI - punto de vista fiscal
12526;0sap_t003;2;FI - document types;FI - Belegarten;FI- types de document;FI – tipologie documento;FI - tipos de documentos
12527;0sap_tbsum;2;FI - trial balance totals;FI - Summensicht Probebilanz;FI- totaux de la balance générale;FI – totali bilancio di verifica;FI - totales del balance de sumas y saldos
12528;0sap_trlbl;2;FI - trial balance transaction details;FI - Probebilanz Transaktionsdetails;FI- détails des transactions de la balance générale;FI – dettagli transazione bilancio di verifica;FI - detalle de las operaciones del balance de sumas y saldos
12529;0sap_vbak;2;SD - sales document header;SD - Verkauf Belegkopf;SD- en-tête des documents de vente;SD – intestazione documento di vendita;SD - cabecera de documentos de ventas
12530;0sap_vbap;2;SD - sales document items;SD - Verkauf Belegpositionen;SD- postes des documents de vente;SD – voci documento di vendita;SD - posiciones de documentos de ventas
12531;0sap_vbrk;2;SD - billing document header;SD - Faktura Belegkopf;SD- en-tête des documents de facturation;SD – intestazione documento di fatturazione;SD - cabecera de documentos de facturación
12532;0sap_vbrp;2;SD - billing document items;SD - Faktura Belegpositionen;SD- postes des documents de facturation;SD – voci documento di fatturazione;SD - posiciones de documentos de facturación
12533;0sap_vendr;2;FI - vendor account balance (accounts payable);FI - Saldenliste Kreditoren;FI- soldes du compte vendeur (comptes fournisseurs);FI – saldo conto corrente fornitore (fatture passive);FI - saldo de cuenta de proveedores (cuentas por pagar)
12534;0sap_vndr;2;FI - vendor master data (accounts payable);FI - Kreditorenstamm;FI- données de base vendeur (comptes fournisseurs);FI – anagrafica fornitore (fatture passive);FI - datos maestros de proveedores (cuentas por pagar)
12535;1sap_fi01;2;FI - accounting documents;FI - Belegkopf und Belegpositionen;FI- documents comptables;FI – documenti di contabilità;FI - documentos contables
12536;1sap_fi02;2;FI - vendor transactions (accounts payable);FI - Kreditorentransaktionen;FI- transactions vendeur (comptes fournisseurs);FI – transazioni fornitore (fatture passive);FI - operaciones de proveedores (cuentas por pagar)
12537;1sap_fi03;2;FI - customer transactions (accounts receivable);FI - Debitorentransaktionen;FI- transactions client (comptes clients);FI – transazioni cliente (fatture attive);FI - operaciones de clientes (cuentas por cobrar)
43100;1sap_fi04;2;FI - general ledger account transactions (G/L);FI - Sachkontentransaktionen;FI- transactions du grand livre (G/L);FI – transazioni contabilità libro mastro (G/L);FI - operaciones de cuentas del libro mayor (mayor)
12539;1sap_fi05;2;FI - vendor transactions CPD (accounts payable);FI - Kreditorentransaktionen CPD;FI- transaction vendeur CPD (comptes fournisseurs);FI – transazioni fornitore CDP (fatture passive);FI - cuenta CPD de operaciones de proveedores (cuentas por pagar)
12540;1sap_fi06;2;FI - customer transactions CPD (accounts receivable);FI - Debitorentransaktionen CPD;FI- transactions client (comptes clients);FI – transazioni cliente CDP (fatture attive);FI - cuenta CPD de operaciones de clientes (cuentas por cobrar)
12541;1sap_fi07;2;FI - general ledger account transaction figures (G/L);FI - Sachkonten Verkehrszahlen;FI- chiffres des transactions des comptes du livre général (G/L);FI – importi transazioni contabilità libro mastro (G/L);FI - cifras de las operaciones de cuentas del libro mayor (mayor)
12542;1sap_fi10;2;FI - vendor VAT master data (accounts payable);FI - Kreditoren MwSt-Stammdaten;FI- données de base vendeur TVA (comptes fournisseurs);FI – anagrafica PARTITA IVA fornitore (fatture passive);FI - datos maestros de IVA de proveedores (cuentas por pagar)
12543;1sap_fi11;2;FI - customer VAT master data (accounts receivable);FI - Debitoren MwSt-Stammdaten;FI- données de base client TVA (comptes clients);FI – anagrafica PARTITA IVA cliente (fatture attive);FI - datos maestros de IVA de clientes (cuentas por cobrar)
12544;2sap_Anlagenbestand;2;AM - fixed assets;AM - Anlagevermögen;AM- immobilisations;AM – beni fissi;AM - activos fijos
12545;2sap_anlagengitter;2;AM - asset history sheet;AM - Anlagengitter;AM- grille des immobilisations;AM – scheda storica capitale;AM - cuadro con histórico de activos
12547;2sap_Debitoren_Salden;2;FI - customer balances in local currency (accounts receivable);FI - Saldenliste Debitoren (in Hauswährung);FI- soldes client (comptes clients);FI – bilanci cliente nella valuta locale (fatture attive);FI - saldos de clientes en moneda local (cuentas por cobrar)
12567;2sap_Debitoren_Salden_Sonderhauptbuchkennzeichen;2;FI - customer balances with special G/L indicator (accounts receivable);FI - Saldenliste Debitoren Sonderhauptbuchkennzeichen;FI- soldes client aves les indicateurs des comptes généraux spéciaux (comptes clients);FI – bilanci clienti con indicatore speciale G/L (fatture attive);FI - saldos de clientes con indicador especial en el mayor (cuentas por cobrar)
12548;2SAP_DebVZ;2;FI - customer index (accounts receivable);FI - Debitorenverzeichnis;FI- indice des clients (comptes clients);FI – elenco clienti (fatture attive);FI - índice de clientes (cuentas por cobrar)
12546;2sap_deb_adressen;2;FI - customer addresses (accounts receivable);FI - Debitorenadressen;FI- adresses des clients (comptes clients);FI – indirizzi cliente (fatture attive);FI - direcciones de clientes (cuentas por cobrar)
12549;2sap_einzelpostenjournal;2;FI - general ledger account journal (G/L);FI - Einzelpostenjournal;FI- livre-journal des comptes du grand livre (G/L);FI – contabilità libro mastro (G/L);FI - diario de cuentas del libro mayor (G / L)
12550;2SAP_geb_Abschreibung_kst;2;AM - booked depreciations by cost center;AM - Gebuchte Abschreibungen nach Kostenstelle;AM- Amortissements comptabilisées par centre de coût;AM – ammortamenti registrati dal centro di costo;AM - amortizaciones contabilizadas por centro de coste
12570;2sap_historie_stammdatenaenderungen_debitoren;2;FI - change history customer master data (accounts receivable);FI - Historie Stammdatenänderungen Debitoren;FI- histoire des modifications des données de base des clients (comptes clients);FI – modifica  storia anagrafica cliente (fatture attive);FI - datos maestros de clientes con históricos de modificaciones (cuentas por cobrar)
12571;2sap_historie_stammdatenaenderungen_kostenstelle;2;FI - change history cost center master data;FI - Historie Stammdatenänderungen Kostenstelle;FI- histoire des modifications des données de base des centres de coûts;FI – modifica storia anagrafica centro di costo;FI - datos maestros de centros de coste con histórico de modificaciones
12572;2sap_historie_stammdatenaenderungen_kreditoren;2;FI - change history vendor master data (accounts payable);FI - Historie Stammdatenänderungen Kreditoren;FI- histoire des modifications des données de base des vendeurs (comptes fournisseurs);FI – modifica  storia anagrafica fornitore (fatture passive);FI - datos maestros de proveedores con histórico de modificaciones (cuentas por pagar)
12573;2sap_historie_stammdatenaenderungen_material;2;FI - change history material master data;FI - Historie Stammdatenänderungen Material;histoire des modifications des données de base des articles;FI – modifica storia anagrafica materiale;FI - datos maestros de materiales con histórico de modificaciones
12551;2sap_historie_stammdatenaenderungen_sachkonten;2;FI - change history general ledger account master data (G/L);FI - Historie Stammdatenänderungen Sachkonten;FI- histoire des modifications des données de base des comptes du grand livre (G/L);FI – modifica storia anagrafica libro mastro (G/L) ;FI - datos maestros de cuentas del mayor con histórico de modificaciones (mayor)
12552;2sap_kontenplan;2;FI - chart of accounts;FI - Kontenplan;FI- plan comptable;Fi – tabella dei conti;FI - plan de cuentas
12554;2SAP_Kreditoren_Salden;2;FI - vendor balances in local currency (accounts payable);FI - Saldenliste Kreditoren (in Hauswährung);FI- soldes vendeur en devise locale (comptes fournisseurs);FI – bilanci fornitore nella valuta locale (fatture passive);FI - saldos de proveedores en moneda local (cuentas por pagar)
12555;2sap_Kreditoren_Salden_Sonderhauptbuchkennzeichen;2;FI - vendor balances with special G/L indicator (accounts payable);FI - Saldenliste Kreditoren Sonderhauptbuchkennzeichen;FI- soldes vendeurs avec les indicateurs des comptes généraux spéciaux (comptes fournisseurs);FI – bilanci fornitori con indicatore speciale G/L (fatture passive);FI - saldos de proveedores con indicador especial en el mayor (cuentas por pagar)
12556;2SAP_KredVZ;2;FI - vendor index (accounts payable);FI - Kreditorenverzeichnis;FI- liste des vendeurs (comptes fournisseurs);FI – elenco fornitori (fatture passive);FI - índice de proveedores (cuentas por pagar)
12553;2sap_kred_adressen;2;FI - vendor addresses (accounts payable);FI - Kreditorenadressen;FI- adresses des vendeurs (comptes fournisseurs);FI – indirizzi fornitori (fatture passive);FI - direcciones de proveedores (cuentas por pagar)
12557;2sap_materialverzeichnis;2;MM - material index;MM - Materialverzeichnis;MM- liste des articles;MM - elenco materiale;MM - índice de materiales
12558;2sap_Sachkontenliste;2;FI - chart of accounts (german);FI - Sachkontenliste (deutsch);FI- plan comptable (allemand);FI – tabella dei conti (tedesco);FI - plan de cuentas (alemán)
12559;2sap_sachkontensalden;2;FI - general ledger account balances;FI - Saldenliste Sachkonten;FI- soldes des comptes du grand livre;FI – bilanci conti contabilità generale;FI - saldos de cuentas del libro mayor
12560;3sap_anla;2;AM - asset master data (additional information);AM - Anlagenstamm (zusätzliche Informationen);AM- données de base des actifs (informations additionnelles);AM – anagrafica capitale (informazioni aggiuntive);AM - datos maestros de activos (información adicional)
12561;3sap_anlb;2;AM - depreciation terms;AM - Abschreibungsbedingungen;AM- paramètres des amortissements;AM – condizioni di ammortamento;AM - parámetros de amortización
12562;3sap_anlc;2;AM - asset value fields;AM - Anlagenwertfelder;AM- champs valeur des actifs;AM – ambiti valore dell'attivo;AM - campos con el valor de los activos
12568;3sap_likp;2;SD - shipped lines header;SD - Lieferung Belegkopf;SD- en-tête des fournitures;SD – intestazione ordini di consegne;SD - cabecera del documento de entrega
43101;3sap_lips;2;SD - shipped lines detail;SD - Lieferung Belegpositionen;SD- détail des postes des fournitures;SD – dettaglio ordini di consegna;SD - detalle del documento de entrega
12563;3sap_t001;2;company codes;Buchungskreise;codes des sociétés;codici aziende;códigos de empresa
12566;3SAP_VBPA;2;SD - sales document partner;SD - Vertriebsbeleg: Partner;SD- document ventes partenaire;SD – ordine di acquisto: partner;SD - interlocutor del documento de ventas
12564;4sap_kontobewegungen;2;FI - general ledger account transactions (short);FI - Sachkontentransaktionen (kurz);FI- transactions des comptes du grand livre (court);FI – transazioni contabilità libro mastro (corto);FI - operaciones de las cuentas del libro mayor (breve)